epi.base_transmission_prob,epi.gamma_alpha,lhd.mean_compliance
0.6201390879280975,6.4237922737525635,0.47609472767288075
